Rank,Name,Platform,Genre,Year,Publisher
1,Wii Sports,Wii,Sports,2006.0,Nintendo
2,Super Mario Bros.,NES,Platform,1985.0,Nintendo
3,Mario Kart Wii,Wii,Racing,2008.0,Nintendo
4,Wii Sports Resort,Wii,Sports,2009.0,Nintendo
5,Pokemon Red/Pokemon Blue,GB,Role-Playing,1996.0,Nintendo
6,Tetris,GB,Puzzle,1989.0,Nintendo
7,New Super Mario Bros.,DS,Platform,2006.0,Nintendo
8,Wii Play,Wii,Misc,2006.0,Nintendo
9,New Super Mario Bros. Wii,Wii,Platform,2009.0,Nintendo
10,Duck Hunt,NES,Shooter,1984.0,Nintendo
